trading_date,timestamp,script_name,direction,breakout_true,blocked_at,block_reason,block_value,close_price,volume,volume_ma20,ema_fast,ema_slow,ema_direction,kaufman_er,kaufman_threshold,kaufman_pass,adx,adx_prev,adx_threshold,adx_confirmed,rsi,davb_upper,davb_lower,davb_window,davb_vol_coeff,davb_breakout
2026-08-17,2026-08-17 09:20:02,NIFTY,SHORT,FALSE,F3B_RSI_ENTRY,RSI not above short entry threshold (overbought gate),rsi=26.74 need>57.0,24305.55,3770.0,29984.5,24339.771576339965,24354.8126523875,BEAR_HOLD,0.7694610778443276,0.4,TRUE,17.946373185745838,14.976086933464307,16.0,TRUE,26.74479356685329,24384.4,24343.45,10,57.984671847796484,SHORT
2026-08-17,2026-08-17 09:25:02,NIFTY,SHORT,FALSE,F3B_RSI_ENTRY,RSI not above short entry threshold (overbought gate),rsi=26.14 need>57.0,24302.9,71305.0,33361.25,24327.48105089331,24347.396559189285,BEAR_HOLD,0.7564575645756574,0.4,TRUE,20.704513500231645,17.946392217966086,16.0,TRUE,26.142098575711927,24384.4,24284.85,10,56.358517670493704,
2026-08-17,2026-08-17 09:30:02,NIFTY,SHORT,FALSE,F3B_RSI_ENTRY,RSI not above short entry threshold (overbought gate),rsi=28.94 need>57.0,24307.2,49985.0,35298.25,24320.720700595542,24341.654193590817,BEAR_HOLD,0.687088607594922,0.4,TRUE,22.916733851062673,20.704575841509826,16.0,TRUE,28.940377101960763,24382.25,24284.85,10,55.862088846107795,
2026-08-17,2026-08-17 09:35:02,NIFTY,SHORT,FALSE,F3B_RSI_ENTRY,RSI not above short entry threshold (overbought gate),rsi=25.34 need>57.0,24287.9,195.0,37404.25,24302.04253359802,24327.147978964687,BEAR_HOLD,0.6647454370797123,0.4,TRUE,27.669392025800565,25.381064395810565,16.0,TRUE,25.343882535280756,24375.2,24282.2,10,50.60981380951958,
2026-08-17,2026-08-17 09:40:02,NIFTY,SHORT,FALSE,F3B_RSI_ENTRY,RSI not above short entry threshold (overbought gate),rsi=28.79 need>57.0,24293.65,65.0,38109.5,24300.42280017646,24323.011532990142,BEAR_HOLD,0.5687732342007241,0.4,TRUE,29.79428270651714,27.669408855732737,16.0,TRUE,28.78708330791885,24366.0,24282.2,10,50.09338442210004,
2026-08-17,2026-08-17 09:45:02,NIFTY,SHORT,FALSE,F3B_RSI_ENTRY,RSI not above short entry threshold (overbought gate),rsi=33.30 need>57.0,24302.35,455.0,39737.75,24302.840005787504,24321.07666985032,BEAR_HOLD,0.4670818505338018,0.4,TRUE,30.949593836206066,29.587516216326748,16.0,TRUE,33.30062365457236,24366.0,24282.5,10,52.48046821820168,
2026-08-17,2026-08-17 09:50:02,NIFTY,SHORT,FALSE,F3B_RSI_ENTRY,RSI not above short entry threshold (overbought gate),rsi=34.49 need>57.0,24304.4,15470.0,40488.5,24303.52333912084,24321.369526993178,BEAR_HOLD,0.440803844473527,0.4,TRUE,30.949593836206066,29.587516216326748,16.0,TRUE,34.48772368251046,24366.0,24282.5,10,54.14638812055276,
2026-08-17,2026-08-17 09:55:02,NIFTY,SHORT,FALSE,F3B_RSI_ENTRY,RSI not above short entry threshold (overbought gate),rsi=33.21 need>57.0,24300.3,18785.0,41262.0,24302.448892747227,24318.359594565583,BEAR_HOLD,0.6117318435753968,0.4,TRUE,31.93643399804637,30.94957628365133,16.0,TRUE,33.21449326371386,24366.0,24282.5,10,53.34636249264937,
2026-08-17,2026-08-17 10:00:02,NIFTY,SHORT,FALSE,F3B_RSI_ENTRY,RSI not above short entry threshold (overbought gate),rsi=29.00 need>57.0,24285.25,260.0,40920.75,24292.88284122099,24309.569293966553,BEAR_HOLD,0.5819999999999861,0.4,TRUE,34.50660870289739,33.2691096844057,16.0,TRUE,29.00451285196023,24348.05,24282.5,10,48.45299107389096,
2026-08-17,2026-08-17 10:05:02,NIFTY,SHORT,FALSE,F2_KAUFMAN_ER,Kaufman ER chop/noise trap (overrides EMA),ER=0.1901 < thr=0.40,24292.25,650.0,41492.75,24293.538560814,24307.572660134596,BEAR_HOLD,0.1901306240928631,0.4,FALSE,35.7032769683261,34.53126286307634,16.0,TRUE,33.39428935018742,24348.05,24282.5,10,46.33824949839932,
2026-08-17,2026-08-17 10:10:02,NIFTY,SHORT,FALSE,F2_KAUFMAN_ER,Kaufman ER chop/noise trap (overrides EMA),ER=0.2221 < thr=0.40,24290.45,23075.0,42614.0,24292.938560813996,24307.315517277453,BEAR_HOLD,0.2220566318926577,0.4,FALSE,35.66284708140205,34.53126286307634,16.0,TRUE,32.27282484256661,24348.05,24282.5,10,46.86825117269597,
2026-08-17,2026-08-17 10:15:02,NIFTY,SHORT,FALSE,F2_KAUFMAN_ER,Kaufman ER chop/noise trap (overrides EMA),ER=0.2859 < thr=0.40,24282.15,26585.0,43303.0,24289.342373876,24303.720443380676,BEAR_HOLD,0.28590971272225985,0.4,FALSE,37.06378962683136,35.66286006281921,16.0,TRUE,29.782664115109156,24311.95,24282.5,10,45.536585583448456,SHORT
2026-08-17,2026-08-17 10:20:02,NIFTY,SHORT,FALSE,F3B_RSI_ENTRY,RSI not above short entry threshold (overbought gate),rsi=25.16 need>57.0,24263.8,124800.0,48577.75,24280.82824925067,24298.017522897724,BEAR_HOLD,0.4971363115693014,0.4,TRUE,38.89187166270349,37.0637980300544,16.0,TRUE,25.160434050649627,24311.95,24277.8,10,44.691716514079076,SHORT
2026-08-17,2026-08-17 10:25:02,NIFTY,SHORT,FALSE,F3B_RSI_ENTRY,RSI not above short entry threshold (overbought gate),rsi=22.90 need>57.0,24252.95,260.0,47970.0,24265.373666333635,24286.07920049629,BEAR_HOLD,0.5293324342548783,0.4,TRUE,42.510385039341166,40.76618487464912,16.0,TRUE,22.895395077842778,24310.85,24253.1,10,37.19173872977636,SHORT
2026-08-17,2026-08-17 10:30:02,NIFTY,SHORT,FALSE,F2_KAUFMAN_ER,Kaufman ER chop/noise trap (overrides EMA),ER=0.3810 < thr=0.40,24261.0,23985.0,49156.25,24268.056999666966,24287.229200496287,BEAR_HOLD,0.38095238095236617,0.4,FALSE,42.5656950246127,40.76618487464912,16.0,TRUE,28.009285758620635,24310.85,24253.1,10,38.97428285609012,
2026-08-17,2026-08-17 10:35:02,NIFTY,SHORT,FALSE,F3B_RSI_ENTRY,RSI not above short entry threshold (overbought gate),rsi=27.17 need>57.0,24257.55,28080.0,48285.25,24264.554666444645,24282.989314711103,BEAR_HOLD,0.5779092702169223,0.4,TRUE,44.236694963735864,42.5657220810739,16.0,TRUE,27.166643211162807,24310.85,24250.7,10,38.061138553819255,
2026-08-17,2026-08-17 10:40:02,NIFTY,SHORT,FALSE,F3B_RSI_ENTRY,RSI not above short entry threshold (overbought gate),rsi=26.39 need>57.0,24254.4,0.0,46296.25,24261.169777629766,24278.905126895235,BEAR_HOLD,0.655307994757511,0.4,TRUE,45.824013046526495,44.236689201770844,16.0,TRUE,26.38611068613136,24308.35,24250.7,10,37.26183504704005,
2026-08-17,2026-08-17 10:45:02,NIFTY,SHORT,FALSE,F3B_RSI_ENTRY,RSI not above short entry threshold (overbought gate),rsi=22.80 need>57.0,24238.4,2665.0,47749.0,24248.519901168787,24268.15886873936,BEAR_HOLD,0.640218878248945,0.4,TRUE,49.41554135639349,47.686324986213904,16.0,TRUE,22.802410026327337,24300.55,24236.05,10,34.7628917982964,
2026-08-17,2026-08-17 10:50:02,NIFTY,SHORT,FALSE,F3B_RSI_ENTRY,RSI not above short entry threshold (overbought gate),rsi=23.33 need>57.0,24239.15,88725.0,52052.0,24248.769901168787,24268.266011596505,BEAR_HOLD,0.6235612728503441,0.4,TRUE,49.55402928827097,47.686324986213904,16.0,TRUE,23.32808531005341,24300.55,24236.05,10,35.85618044410413,
2026-08-17,2026-08-17 10:55:02,NIFTY,SHORT,FALSE,F3B_RSI_ENTRY,RSI not above short entry threshold (overbought gate),rsi=25.48 need>57.0,24242.1,65.0,40690.0,24246.54660077919,24264.52800993986,BEAR_HOLD,0.6458476321208491,0.4,TRUE,50.46527441588318,49.55402271167032,16.0,TRUE,25.477628384555814,24294.3,24229.3,10,33.089583596668184,
2026-08-17,2026-08-17 11:00:02,NIFTY,SHORT,FALSE,F3B_RSI_ENTRY,RSI not above short entry threshold (overbought gate),rsi=24.16 need>57.0,24236.8,130.0,38168.0,24241.254044790752,24257.238946078265,BEAR_HOLD,0.6615609044493459,0.4,TRUE,51.726629946165396,51.10970465994251,16.0,TRUE,24.15682151812412,24292.4,24229.3,10,24.341752502026925,
2026-08-17,2026-08-17 11:05:02,NIFTY,SHORT,FALSE,F3B_RSI_ENTRY,RSI not above short entry threshold (overbought gate),rsi=27.49 need>57.0,24240.95,12350.0,38779.0,24242.297140971616,24255.54256602627,BEAR_HOLD,0.4135746606334578,0.4,TRUE,52.5105132014804,51.83604440745749,16.0,TRUE,27.49111525165857,24283.9,24229.3,10,23.563184967572134,
2026-08-17,2026-08-17 11:10:02,NIFTY,SHORT,FALSE,F3B_RSI_ENTRY,RSI not above short entry threshold (overbought gate),rsi=26.00 need>57.0,24235.6,18655.0,37212.5,24240.51380763828,24254.778280311984,BEAR_HOLD,0.4653465346534606,0.4,TRUE,52.5596356629682,51.83604440745749,16.0,TRUE,26.004956825711886,24283.9,24229.3,10,24.3476852368001,
2026-08-17,2026-08-17 11:15:02,NIFTY,SHORT,FALSE,F3B_RSI_ENTRY,RSI not above short entry threshold (overbought gate),rsi=26.39 need>57.0,24236.05,0.0,32363.5,24238.045025617015,24249.815675331254,BEAR_HOLD,0.5863689776733526,0.4,TRUE,53.855396779786545,53.231481517841594,16.0,TRUE,26.39001197844003,24261.95,24229.3,10,20.01806143240318,
2026-08-17,2026-08-17 11:20:02,NIFTY,SHORT,FALSE,F3B_RSI_ENTRY,RSI not above short entry threshold (overbought gate),rsi=26.34 need>57.0,24235.1,14300.0,33078.5,24237.185572633567,24247.780782936992,BEAR_HOLD,0.5468940316687241,0.4,TRUE,54.43469522192758,53.855342859076515,16.0,TRUE,26.338769488118274,24261.65,24229.3,10,18.481472140781012,
2026-08-17,2026-08-17 11:25:02,NIFTY,SHORT,FALSE,F3B_RSI_ENTRY,RSI not above short entry threshold (overbought gate),rsi=24.18 need>57.0,24227.8,16900.0,31801.25,24234.752239300236,24246.737925794132,BEAR_HOLD,0.6153050672182191,0.4,TRUE,54.65440655891403,53.855342859076515,16.0,TRUE,24.176752417735145,24261.65,24229.3,10,19.054493925294235,SHORT
2026-08-17,2026-08-17 11:30:02,NIFTY,SHORT,FALSE,F2_KAUFMAN_ER,Kaufman ER chop/noise trap (overrides EMA),ER=0.0386 < thr=0.40,24240.0,650.0,30826.25,24237.31210635566,24244.754394460993,BEAR_HOLD,0.038647342995132575,0.4,FALSE,53.78232161863743,54.20217175508259,16.0,FALSE,34.022351579964095,24255.45,24227.8,10,18.37262306020327,
2026-08-17,2026-08-17 11:35:02,NIFTY,SHORT,FALSE,F2_KAUFMAN_ER,Kaufman ER chop/noise trap (overrides EMA),ER=0.0755 < thr=0.40,24242.4,15925.0,31590.0,24239.319182014886,24244.58948096657,BEAR_HOLD,0.07549361207897283,0.4,FALSE,53.07887596629242,53.619692487438506,16.0,FALSE,35.82609971434371,24247.2,24227.8,10,17.808069115301453,
2026-08-17,2026-08-17 11:40:02,NIFTY,SHORT,FALSE,F2_KAUFMAN_ER,Kaufman ER chop/noise trap (overrides EMA),ER=0.0338 < thr=0.40,24237.6,0.0,29435.25,24237.719182014887,24243.903766680854,BEAR_HOLD,0.03380588876778001,0.4,FALSE,52.607520162526406,53.619692487438506,16.0,FALSE,33.5217873660483,24247.2,24227.8,10,18.59161471595494,
2026-08-17,2026-08-17 11:45:02,NIFTY,SHORT,FALSE,F2_KAUFMAN_ER,Kaufman ER chop/noise trap (overrides EMA),ER=0.1634 < thr=0.40,24244.75,130.0,28775.5,24241.44741422884,24244.030318377776,BEAR_HOLD,0.16335540838851637,0.4,FALSE,50.647588669768616,51.59121544901898,16.0,FALSE,38.97385194866969,24247.75,24227.8,10,18.5283443460613,
2026-08-17,2026-08-17 11:50:02,NIFTY,LONG,FALSE,F2_KAUFMAN_ER,Kaufman ER chop/noise trap (overrides EMA),ER=0.2775 < thr=0.40,24254.35,18785.0,29708.25,24248.466455540052,24247.042393800548,BULL,0.27749747729564467,0.4,FALSE,44.134310063598484,46.19370121152478,16.0,FALSE,45.33029007280168,24256.1,24227.4,10,18.573426066796845,
2026-08-17,2026-08-17 11:55:02,NIFTY,LONG,FALSE,F3_ADX,ADX velocity not confirmed (must be above thr and rising),ADX=43.30 prev=46.19 thr=16.0,24263.3,0.0,23140.0,24251.449788873386,24248.320965229123,BULL,0.4060822898032489,0.4,TRUE,43.29637298270122,46.19370121152478,16.0,FALSE,50.54573093423484,24256.1,24227.4,10,20.147888580559524,LONG
2026-08-17,2026-08-17 12:00:02,NIFTY,LONG,FALSE,F3_ADX,ADX velocity not confirmed (must be above thr and rising),ADX=40.74 prev=43.30 thr=16.0,24271.75,22880.0,24284.0,24258.21652591559,24251.667970196395,BULL_HOLD,0.6090985678180681,0.4,TRUE,40.738921534546485,43.29631359780311,16.0,FALSE,55.01974318539466,24272.35,24227.4,10,19.494248939642887,
2026-08-17,2026-08-17 12:05:02,NIFTY,LONG,FALSE,F3_ADX,ADX velocity not confirmed (must be above thr and rising),ADX=36.32 prev=38.45 thr=16.0,24267.35,13845.0,23409.75,24262.946233740266,24255.638712797354,BULL_HOLD,0.47138554216867923,0.4,TRUE,36.322897038566104,38.44912901691204,16.0,FALSE,52.34584051539677,24274.85,24227.4,10,19.140669002867924,
2026-08-17,2026-08-17 12:10:02,NIFTY,LONG,FALSE,F3_ADX,ADX velocity not confirmed (must be above thr and rising),ADX=37.77 prev=40.68 thr=16.0,24264.65,0.0,21641.75,24262.01656741969,24255.15664891553,BULL_HOLD,0.40978816654493966,0.4,TRUE,37.77431651535118,40.6795166986209,16.0,FALSE,50.79963161983859,24275.25,24227.8,10,20.074328128044026,
2026-08-17,2026-08-17 12:15:02,NIFTY,LONG,FALSE,F3_ADX,ADX velocity not confirmed (must be above thr and rising),ADX=33.11 prev=35.47 thr=16.0,24272.9,5005.0,21892.0,24267.418474408754,24259.508966550187,BULL_HOLD,0.6020942408376657,0.4,TRUE,33.10666589169686,35.46517593747645,16.0,FALSE,55.337915894197515,24275.25,24229.4,10,21.186012581322885,
2026-08-17,2026-08-17 12:20:02,NIFTY,LONG,FALSE,F3_ADX,ADX velocity not confirmed (must be above thr and rising),ADX=34.05 prev=35.47 thr=16.0,24286.1,390.0,18531.5,24271.818474408752,24261.394680835903,BULL_HOLD,0.6765957446808097,0.4,TRUE,34.052039308103026,35.46517593747645,16.0,FALSE,61.323282328808766,24275.25,24229.4,10,22.67467161527732,LONG
2026-08-17,2026-08-17 12:25:02,NIFTY,LONG,FALSE,F3_ADX,ADX velocity not confirmed (must be above thr and rising),ADX=31.57 prev=32.76 thr=16.0,24286.4,20345.0,19529.25,24279.91932195945,24268.028745103937,BULL_HOLD,0.7625000000000455,0.4,TRUE,31.567678465450836,32.76398018226628,16.0,FALSE,61.449702993456114,24287.55,24236.85,10,21.463682833101995,
2026-08-17,2026-08-17 12:30:02,NIFTY,LONG,FALSE,F3_ADX,ADX velocity not confirmed (must be above thr and rising),ADX=31.83 prev=32.76 thr=16.0,24289.9,130.0,14186.25,24281.085988626117,24268.528745103937,BULL_HOLD,0.7748148148148579,0.4,TRUE,31.833095479682168,32.76398018226628,16.0,FALSE,62.97073451344335,24287.55,24236.85,10,22.222610438257657,LONG
2026-08-17,2026-08-17 12:35:02,NIFTY,LONG,FALSE,F3_ADX,ADX velocity not confirmed (must be above thr and rising),ADX=31.42 prev=31.62 thr=16.0,24294.7,28405.0,15600.0,24288.849328278277,24275.582343341674,BULL_HOLD,0.6999117387467878,0.4,TRUE,31.42315373161427,31.620479745257395,16.0,FALSE,64.65575364147624,24299.55,24243.35,10,23.41183120890612,
2026-08-17,2026-08-17 12:40:02,NIFTY,LONG,FALSE,F3B_RSI_ENTRY,RSI not below long entry threshold (oversold gate),rsi=65.76 need<55.0,24296.55,195.0,14582.75,24289.46599494494,24275.84662905596,BULL_HOLD,0.7319223985891028,0.4,TRUE,31.673305710068945,31.620479745257395,16.0,TRUE,65.76499134307213,24299.55,24243.35,10,24.587871092198373,
2026-08-17,2026-08-17 12:45:02,NIFTY,LONG,FALSE,F3B_RSI_ENTRY,RSI not below long entry threshold (oversold gate),rsi=69.45 need<55.0,24305.65,11635.0,15060.5,24297.957108864422,24283.47813563295,BULL_HOLD,0.68724279835396,0.4,TRUE,32.038657327273064,31.837216879840657,16.0,TRUE,69.45240212298474,24304.95,24257.55,10,25.770641488020217,LONG
2026-08-17,2026-08-17 12:50:02,NIFTY,LONG,FALSE,F3B_RSI_ENTRY,RSI not below long entry threshold (oversold gate),rsi=74.86 need<55.0,24322.85,3250.0,20289.75,24303.690442197752,24285.935278490095,BULL_HOLD,0.7689969604863511,0.4,TRUE,33.30760943414962,31.837216879840657,16.0,TRUE,74.86104737594874,24304.95,24257.55,10,28.874209788992662,LONG
2026-08-17,2026-08-17 12:55:02,NIFTY,LONG,FALSE,F3B_RSI_ENTRY,RSI not below long entry threshold (oversold gate),rsi=76.91 need<55.0,24330.7,39975.0,22126.0,24318.27352986567,24297.578980115173,BULL_HOLD,1.0,0.4,TRUE,36.285986930847905,34.8522032083888,16.0,TRUE,76.9079774459755,24335.45,24257.55,10,31.312783512991864,
2026-08-17,2026-08-17 13:00:02,NIFTY,LONG,FALSE,F3B_RSI_ENTRY,RSI not below long entry threshold (oversold gate),rsi=77.68 need<55.0,24333.85,975.0,23175.75,24319.32352986567,24298.028980115174,BULL_HOLD,1.0,0.4,TRUE,36.17494038163819,34.8522032083888,16.0,TRUE,77.67904092291097,24335.45,24257.55,10,32.598383937856106,
2026-08-17,2026-08-17 13:05:02,NIFTY,LONG,FALSE,F3B_RSI_ENTRY,RSI not below long entry threshold (oversold gate),rsi=79.99 need<55.0,24343.95,68380.0,26546.0,24332.94934660697,24310.181495594825,BULL_HOLD,1.0,0.4,TRUE,39.83821185199044,38.074446086608965,16.0,TRUE,79.99057074076559,24353.7,24270.85,10,32.79863289247844,
2026-08-17,2026-08-17 13:10:02,NIFTY,LONG,FALSE,F3B_RSI_ENTRY,RSI not below long entry threshold (oversold gate),rsi=75.79 need<55.0,24338.75,65.0,26061.75,24331.21601327363,24309.438638451968,BULL_HOLD,0.8417266187050201,0.4,TRUE,39.83821185199044,38.074446086608965,16.0,TRUE,75.78935506703664,24353.7,24270.85,10,34.75377941910203,
2026-08-17,2026-08-17 13:15:02,NIFTY,LONG,FALSE,F3B_RSI_ENTRY,RSI not below long entry threshold (oversold gate),rsi=77.53 need<55.0,24346.1,15665.0,26841.75,24336.021230712642,24314.548515918978,BULL_HOLD,0.8390313390312992,0.4,TRUE,40.93819995676988,39.22661967198354,16.0,TRUE,77.52830951058804,24352.3,24282.0,10,36.09312234160193,
2026-08-17,2026-08-17 13:20:02,NIFTY,LONG,FALSE,F3B_RSI_ENTRY,RSI not below long entry threshold (oversold gate),rsi=78.16 need<55.0,24348.7,34190.0,28187.25,24340.247487141765,24319.427299359122,BULL_HOLD,0.8383404864091261,0.4,TRUE,42.5776986201674,40.938198596777035,16.0,TRUE,78.16172885042509,24352.3,24284.2,10,36.62014104478396,
2026-08-17,2026-08-17 13:25:02,NIFTY,LONG,FALSE,F3B_RSI_ENTRY,RSI not below long entry threshold (oversold gate),rsi=75.30 need<55.0,24345.45,65.0,27147.25,24341.98165809451,24323.144828022112,BULL_HOLD,0.7366863905325098,0.4,TRUE,43.72884748121773,42.577700243220264,16.0,TRUE,75.30437016671215,24353.55,24287.55,10,36.53370359347185,
2026-08-17,2026-08-17 13:30:02,NIFTY,LONG,FALSE,F3B_RSI_ENTRY,RSI not below long entry threshold (oversold gate),rsi=77.18 need<55.0,24352.2,13650.0,27826.5,24347.536292486453,24330.785996097882,BULL_HOLD,0.7333333333333043,0.4,TRUE,46.00310148084459,44.908102177612484,16.0,TRUE,77.1818237560158,24354.85,24297.15,10,31.49713892333307,
2026-08-17,2026-08-17 13:35:02,NIFTY,LONG,FALSE,F3B_RSI_ENTRY,RSI not below long entry threshold (oversold gate),rsi=74.39 need<55.0,24349.35,65.0,26282.75,24347.28530610208,24332.9665680839,BULL_HOLD,0.52895752895742,0.4,TRUE,47.20718907833007,46.10022742848245,16.0,TRUE,74.3856625311489,24357.4,24302.5,10,30.852592905381094,
2026-08-17,2026-08-17 13:40:02,NIFTY,LONG,FALSE,F3B_RSI_ENTRY,RSI not below long entry threshold (oversold gate),rsi=71.76 need<55.0,24345.8,16315.0,27098.5,24346.10197276875,24332.459425226756,BULL_HOLD,0.4470477975631854,0.4,TRUE,46.195851343496415,46.10022742848245,16.0,TRUE,71.7645566247307,24357.4,24302.5,10,32.09279487211446,
2026-08-17,2026-08-17 13:45:02,NIFTY,LONG,FALSE,F3B_RSI_ENTRY,RSI not below long entry threshold (oversold gate),rsi=74.28 need<55.0,24353.25,195.0,26536.25,24348.4846485125,24335.42950733722,BULL_HOLD,0.45471349353042323,0.4,TRUE,46.67592762460781,46.19584112494721,16.0,TRUE,74.2770552213793,24357.4,24321.85,10,31.965568712479968,
2026-08-17,2026-08-17 13:50:02,NIFTY,LONG,FALSE,F2_KAUFMAN_ER,Kaufman ER chop/noise trap (overrides EMA),ER=0.1607 < thr=0.40,24343.2,130.0,27498.25,24346.723099008334,24336.539577717613,BULL_HOLD,0.16074450084600786,0.4,FALSE,47.178272061702884,46.67590252648251,16.0,TRUE,65.77424788907223,24357.7,24321.85,10,32.35434745985707,
2026-08-17,2026-08-17 13:55:02,NIFTY,LONG,FALSE,F2_KAUFMAN_ER,Kaufman ER chop/noise trap (overrides EMA),ER=0.0651 < thr=0.40,24341.35,9100.0,27946.75,24343.460266225928,24337.662750976204,BULL_HOLD,0.06512605042012953,0.4,FALSE,46.35801691093874,46.752941901306166,16.0,FALSE,63.93837246302076,24358.95,24335.2,10,28.59988728984536,
2026-08-17,2026-08-17 14:00:02,NIFTY,LONG,FALSE,F2_KAUFMAN_ER,Kaufman ER chop/noise trap (overrides EMA),ER=0.1648 < thr=0.40,24338.9,65.0,26731.25,24340.951288595064,24337.294602877566,BULL_HOLD,0.16475972540037462,0.4,FALSE,45.01111195751059,45.84977370815681,16.0,FALSE,61.88896740266742,24358.95,24333.05,10,28.714063658082317,
2026-08-17,2026-08-17 14:05:02,NIFTY,LONG,FALSE,F2_KAUFMAN_ER,Kaufman ER chop/noise trap (overrides EMA),ER=0.1187 < thr=0.40,24343.3,10920.0,27274.0,24342.256414618932,24338.44027185424,BULL_HOLD,0.11868131868135066,0.4,FALSE,44.62094131893207,45.212589201804484,16.0,FALSE,63.99456498456403,24358.95,24333.05,10,28.597142915198308,
2026-08-17,2026-08-17 14:10:02,NIFTY,LONG,FALSE,F2_KAUFMAN_ER,Kaufman ER chop/noise trap (overrides EMA),ER=0.1715 < thr=0.40,24341.25,0.0,25499.5,24341.573081285598,24338.147414711384,BULL_HOLD,0.17146144994247647,0.4,FALSE,44.62094131893207,45.212589201804484,16.0,FALSE,63.00449459455536,24358.95,24333.05,10,28.966280664690423,
2026-08-17,2026-08-17 14:15:02,NIFTY,LONG,FALSE,F2_KAUFMAN_ER,Kaufman ER chop/noise trap (overrides EMA),ER=0.2934 < thr=0.40,24330.5,260.0,26045.5,24337.8820541904,24337.054926895475,BULL_HOLD,0.2934249263984399,0.4,FALSE,42.79147649976473,44.620942729821444,16.0,FALSE,54.53576266745515,24358.95,24333.05,10,28.654775813618414,SHORT
2026-08-17,2026-08-17 14:20:02,NIFTY,LONG,FALSE,F2_KAUFMAN_ER,Kaufman ER chop/noise trap (overrides EMA),ER=0.1920 < thr=0.40,24338.8,8775.0,26471.25,24338.325357417954,24337.481170780353,BULL_HOLD,0.19195979899497428,0.4,FALSE,39.148966650679746,40.902797768980626,16.0,FALSE,59.117645419566884,24358.95,24328.75,10,27.30488028595247,
2026-08-17,2026-08-17 14:25:02,NIFTY,SHORT,FALSE,F2_KAUFMAN_ER,Kaufman ER chop/noise trap (overrides EMA),ER=0.3230 < thr=0.40,24325.0,130.0,19994.0,24330.37246050086,24333.76345250561,BEAR_HOLD,0.322981366459627,0.4,FALSE,36.16677301440422,38.447076676168244,16.0,FALSE,50.17974692753615,24358.95,24323.0,10,26.255007026031457,
2026-08-17,2026-08-17 14:30:02,NIFTY,SHORT,FALSE,F3_ADX,ADX velocity not confirmed (must be above thr and rising),ADX=34.05 prev=36.17 thr=16.0,24326.75,9100.0,20442.5,24329.376084778352,24332.877857249707,BEAR_HOLD,0.4514480408858827,0.4,TRUE,34.04933236855923,36.16675602227663,16.0,FALSE,51.192260310351216,24358.95,24323.0,10,25.066280224480046,
2026-08-17,2026-08-17 14:35:02,NIFTY,SHORT,FALSE,F3_ADX,ADX velocity not confirmed (must be above thr and rising),ADX=34.48 prev=36.17 thr=16.0,24328.4,0.0,16272.75,24329.92608477835,24333.11357153542,BEAR_HOLD,0.41176470588233877,0.4,TRUE,34.48024446353344,36.16675602227663,16.0,FALSE,52.14622509139306,24358.95,24323.0,10,25.638557105317123,
2026-08-17,2026-08-17 14:40:02,NIFTY,SHORT,FALSE,F2_KAUFMAN_ER,Kaufman ER chop/noise trap (overrides EMA),ER=0.2891 < thr=0.40,24328.6,6760.0,16610.75,24329.4840565189,24332.468775601792,BEAR_HOLD,0.28910891089115315,0.4,FALSE,32.08571491359161,34.48024540097685,16.0,FALSE,52.26800208342615,24358.95,24323.0,10,25.64704860930011,
2026-08-17,2026-08-17 14:45:02,NIFTY,SHORT,FALSE,F2_KAUFMAN_ER,Kaufman ER chop/noise trap (overrides EMA),ER=0.1404 < thr=0.40,24332.85,65.0,12632.75,24330.606037679267,24332.523236230107,BEAR_HOLD,0.14036786060020942,0.4,FALSE,30.43404156218234,32.08570483065306,16.0,FALSE,54.89486654678876,24345.05,24318.15,10,24.514165611763683,
2026-08-17,2026-08-17 14:50:02,NIFTY,LONG,FALSE,F2_KAUFMAN_ER,Kaufman ER chop/noise trap (overrides EMA),ER=0.0690 < thr=0.40,24337.65,8450.0,13052.0,24334.886016746343,24334.085438862938,BULL_HOLD,0.06896551724135527,0.4,FALSE,28.115322920314885,29.231762568863264,16.0,FALSE,57.31410834701482,24345.05,24318.15,10,22.540471242668463,
2026-08-17,2026-08-17 14:55:02,NIFTY,LONG,FALSE,F2_KAUFMAN_ER,Kaufman ER chop/noise trap (overrides EMA),ER=0.0393 < thr=0.40,24343.4,6890.0,12613.25,24338.868455608674,24336.046702698848,BULL_HOLD,0.03934126258008047,0.4,FALSE,27.992069468716874,28.58897511232751,16.0,FALSE,60.85348339176308,24345.4,24318.15,10,22.923240762731076,
2026-08-17,2026-08-17 15:00:02,NIFTY,LONG,FALSE,F2_KAUFMAN_ER,Kaufman ER chop/noise trap (overrides EMA),ER=0.0496 < thr=0.40,24338.35,0.0,10907.0,24337.18512227534,24335.32527412742,BULL_HOLD,0.049572649572674446,0.4,FALSE,27.992069468716874,28.58897511232751,16.0,FALSE,56.93451095280845,24345.4,24318.15,10,23.912469207766904,
2026-08-17,2026-08-17 15:05:02,NIFTY,LONG,FALSE,F2_KAUFMAN_ER,Kaufman ER chop/noise trap (overrides EMA),ER=0.3475 < thr=0.40,24351.75,1300.0,11254.75,24342.040081516894,24337.67166353778,BULL_HOLD,0.3475061324611528,0.4,FALSE,28.14879614994922,27.99204893511481,16.0,TRUE,63.87648179661952,24345.4,24318.15,10,25.453536615812894,LONG
2026-08-17,2026-08-17 15:10:02,NIFTY,LONG,FALSE,F2_KAUFMAN_ER,Kaufman ER chop/noise trap (overrides EMA),ER=0.1996 < thr=0.40,24349.55,325.0,11456.25,24344.54338767793,24339.36856874668,BULL_HOLD,0.19963866305327618,0.4,FALSE,28.29432585035341,28.148772715783934,16.0,TRUE,62.1064051412231,24352.75,24318.15,10,25.70748804713156,
